variable,m_value
firstnm,0.8898488120950324
lastnm,0.9140811455847255
sex,0.9075
month,0.5314009661835749
year,0.6808510638297872
