variable,u_value
firstnm,0.008908685968819599
lastnm,0.0044444444444444444
sex,0.6239316239316239
month,0.08171206225680934
